naam,icoon
Acacia,acacia.png
Anna Paulownaboom,anna.png
Atlas Ceder,atlas.png
Corsicaanse Den,corsicaanse.png
Doodsbeenderenboom,doodsbeenderen.png
Es,es.png
Esdoorn,esdoorn.png
Gewone Beuk,gewonebeuk.png
Hemelboom,hemelboo.png
Hollandse Linde,linde.png
Hopbeuk,hopbeuk.png
Hulst,hulst.png
Japanse Notenboom,ginkgo.png
Krenteboom,krente.png
Linde,linde.png
Moeraseik,eik.png
Noorse Esdoorn,esdoorn.png
Papierberk,berk.png
Peterselievlier,peterselievlier.png
Plataan,esdoorn.png
Rode Noorse Esdoorn,esdoorn.png
Ruwe Berk,berk.png
Spaanse Aak,aak.png
Taxus,taxus.png
Trompetboom,trompet.png
Tulpenboom,tulp.png
Vaantjesboom,berk.png
Valse Christusdoorn,christus.png
Witte Els,els.png
Witte Paardenkastanje,kastanje.png
Zomereik,eik.png
Zwarte Els,els.png
